"","CombatEffectiveness_Mean","CombatEffectiveness_SD","CombatEffectiveness_CV","kills_Mean","kills_SD","kills_CV","injuries_Mean","injuries_SD","injuries_CV"
"1",497.534752475248,177.559258917095,0.356878103557056,2.55445544554455,8.80735516205035,3.44784058669413,4.55445544554455,0.741286011263567,0.162760624212218
